col1,col2,col3,col4
-1.428,-0.515,0.000,25.000
-2.096,-0.133,0.000,25.000
-0.704,0.148,0.000,25.000
-2.741,-1.255,0.000,25.000
-0.726,0.617,0.000,25.000
-0.413,0.292,0.000,25.000
-0.625,-0.835,0.000,25.000
0.814,1.459,16.000,0.000
-0.139,1.060,8.571,18.571
0.308,0.415,8.571,18.571
-2.319,-1.462,0.000,25.000
-0.614,-0.515,0.000,25.000
-0.519,0.552,0.000,25.000
-0.027,1.211,8.571,18.571
-0.338,0.478,0.000,25.000
-1.015,1.157,0.000,25.000
-0.653,-0.322,0.000,25.000
-1.394,-1.166,0.000,25.000
-0.578,-0.818,0.000,25.000
0.198,1.322,8.571,18.571
-1.755,-0.646,0.000,25.000
-0.795,0.014,0.000,25.000
0.630,1.175,16.000,0.000
-0.897,0.771,0.000,25.000
-0.768,-0.884,0.000,25.000
-1.186,-0.429,0.000,25.000
-0.551,0.836,0.000,25.000
-2.273,-0.684,0.000,25.000
-0.106,0.698,8.571,18.571
-1.623,-0.006,0.000,25.000
-0.487,0.396,0.000,25.000
0.428,0.671,8.571,18.571
-2.200,-0.342,0.000,25.000
-1.249,0.386,0.000,25.000
-1.139,-0.547,0.000,25.000
-1.829,0.144,0.000,25.000
-1.461,0.529,0.000,25.000
1.225,2.745,16.000,0.000
-0.988,-0.177,0.000,25.000
-0.459,-0.716,0.000,25.000
-0.905,0.321,0.000,25.000
-2.238,-1.566,0.000,25.000
-0.074,0.608,8.571,18.571
-1.972,-0.764,0.000,25.000
-0.660,0.665,0.000,25.000
-1.398,0.214,0.000,25.000
-0.230,0.562,8.571,18.571
-0.165,-0.091,8.571,18.571
-1.363,-0.198,0.000,25.000
-0.931,-0.079,0.000,25.000
0.476,1.210,8.571,18.571
-0.421,0.071,0.000,25.000
-0.975,0.281,0.000,25.000
-2.845,-1.734,0.000,25.000
-1.221,-0.268,0.000,25.000
0.829,1.812,16.000,0.000
-1.836,0.722,0.000,25.000
-0.913,0.278,0.000,25.000
-0.598,-0.337,0.000,25.000
-2.322,-0.846,0.000,25.000
-1.463,-1.038,0.000,25.000
-1.888,-1.774,0.000,25.000
-2.249,0.136,0.000,25.000
0.119,0.761,8.571,18.571
-0.935,-0.254,0.000,25.000
0.449,1.493,8.571,18.571
-0.142,1.158,8.571,18.571
-0.618,1.362,0.000,25.000
-0.155,0.641,8.571,18.571
-1.383,-1.161,0.000,25.000
-1.629,0.198,0.000,25.000
0.467,1.583,8.571,18.571
-1.494,0.001,0.000,25.000
0.591,0.756,8.571,18.571
-1.589,-0.401,0.000,25.000
-1.347,-0.128,0.000,25.000
-0.428,0.719,0.000,25.000
-1.052,-0.504,0.000,25.000
-2.920,-1.620,0.000,25.000
-0.077,1.338,8.571,18.571
-0.324,1.174,0.000,25.000
-1.840,-1.359,0.000,25.000
-2.044,-0.783,0.000,25.000
-2.380,-0.180,0.000,25.000
-0.529,-0.006,0.000,25.000
0.102,0.586,8.571,18.571
-1.035,0.181,0.000,25.000
-1.524,-0.001,0.000,25.000
-1.472,0.447,0.000,25.000
-1.609,1.111,0.000,25.000
-1.323,-0.865,0.000,25.000
-0.137,1.169,8.571,18.571
-1.014,0.438,0.000,25.000
-1.426,-0.472,0.000,25.000
0.282,0.324,8.571,18.571
-0.847,0.694,0.000,25.000
-0.809,-0.597,0.000,25.000
-1.286,-0.042,0.000,25.000
-0.210,0.887,8.571,18.571
-0.694,-0.417,0.000,25.000
-1.517,-0.162,0.000,25.000
-2.361,-0.694,0.000,25.000
0.604,1.010,8.571,18.571
-1.651,-0.326,0.000,25.000
-2.707,0.730,0.000,25.000
-1.901,-0.182,0.000,25.000
-2.111,-0.699,0.000,25.000
-0.941,0.539,0.000,25.000
-0.192,0.658,8.571,18.571
-0.565,0.486,0.000,25.000
-2.605,-2.786,0.000,25.000
-1.141,-1.161,0.000,25.000
-0.897,0.792,0.000,25.000
-0.720,-0.402,0.000,25.000
-0.536,0.894,0.000,25.000
-0.376,0.761,0.000,25.000
-0.837,-0.249,0.000,25.000
-3.234,-1.833,0.000,25.000
0.862,1.980,16.000,0.000
-0.642,0.897,0.000,25.000
-0.212,0.716,8.571,18.571
-1.753,-0.205,0.000,25.000
0.244,1.033,8.571,18.571
-0.343,0.244,0.000,25.000
-2.803,-1.547,0.000,25.000
-0.094,1.486,8.571,18.571
-3.340,-1.687,0.000,25.000
0.595,1.288,8.571,18.571
-1.978,-1.426,0.000,25.000
-1.666,-0.176,0.000,25.000
-0.102,0.861,8.571,18.571
2.399,2.751,16.000,0.000
-0.366,-0.155,0.000,25.000
-2.096,-2.001,0.000,25.000
-0.624,0.459,0.000,25.000
-1.913,-1.821,0.000,25.000
-2.107,-1.100,0.000,25.000
-0.215,1.077,8.571,18.571
-0.999,-0.379,0.000,25.000
-0.944,-0.188,0.000,25.000
-1.317,0.102,0.000,25.000
-2.113,-1.896,0.000,25.000
-2.406,-2.641,0.000,25.000
-1.042,0.330,0.000,25.000
-1.070,-0.463,0.000,25.000
-0.647,0.042,0.000,25.000
-0.710,0.828,0.000,25.000
-1.120,-0.558,0.000,25.000
-1.951,-0.756,0.000,25.000
-1.970,-0.572,0.000,25.000
-0.036,0.609,8.571,18.571
-1.902,-0.516,0.000,25.000
-1.017,0.057,0.000,25.000
-2.025,-1.399,0.000,25.000
-1.455,-0.583,0.000,25.000
-1.141,0.554,0.000,25.000
-2.040,-0.526,0.000,25.000
-2.245,-1.232,0.000,25.000
-1.549,-0.745,0.000,25.000
-1.266,-0.349,0.000,25.000
-1.280,0.096,0.000,25.000
-0.885,1.438,0.000,25.000
0.338,0.570,8.571,18.571
-2.349,-0.848,0.000,25.000
-1.791,-0.393,0.000,25.000
-0.705,-0.272,0.000,25.000
-0.858,-0.286,0.000,25.000
-1.879,-0.972,0.000,25.000
-0.115,0.682,8.571,18.571
-1.213,-0.570,0.000,25.000
-0.297,0.857,0.000,25.000
-1.072,-0.393,0.000,25.000
-0.627,0.520,0.000,25.000
0.819,0.929,16.000,0.000
-0.251,0.614,8.571,18.571
-1.762,0.172,0.000,25.000
-1.763,-0.864,0.000,25.000
-0.665,-0.299,0.000,25.000
-0.891,-0.074,0.000,25.000
-1.045,-0.568,0.000,25.000
-1.977,-0.008,0.000,25.000
-1.024,0.230,0.000,25.000
-1.528,-0.782,0.000,25.000
-1.217,-0.209,0.000,25.000
-0.848,-0.337,0.000,25.000
-1.181,0.134,0.000,25.000
-2.680,-1.073,0.000,25.000
-2.800,-2.285,0.000,25.000
-1.886,-0.770,0.000,25.000
-2.822,-2.333,0.000,25.000
-0.014,0.607,8.571,18.571
1.181,1.849,16.000,0.000
-0.327,0.768,0.000,25.000
-1.918,0.269,0.000,25.000
-1.719,-1.084,0.000,25.000
-0.303,1.008,0.000,25.000
-0.327,1.832,0.000,25.000
-1.971,-1.267,0.000,25.000
0.197,2.053,8.571,18.571
-1.283,0.500,0.000,25.000
0.702,1.323,16.000,0.000
-1.020,0.010,0.000,25.000
-0.770,0.624,0.000,25.000
0.058,0.968,8.571,18.571
-1.277,0.049,0.000,25.000
-1.319,-1.031,0.000,25.000
0.051,1.859,8.571,18.571
-1.079,-0.552,0.000,25.000
-2.508,-1.435,0.000,25.000
-2.140,-1.097,0.000,25.000
-3.510,-1.400,0.000,25.000
-1.071,0.543,0.000,25.000
-2.045,-0.179,0.000,25.000
-0.302,1.132,0.000,25.000
-1.448,-1.560,0.000,25.000
0.767,0.478,16.000,0.000
-0.971,0.482,0.000,25.000
-2.449,-1.402,0.000,25.000
-2.109,-1.981,0.000,25.000
0.634,1.598,16.000,0.000
-1.354,-0.375,0.000,25.000
0.990,1.933,16.000,0.000
0.026,1.449,8.571,18.571
-1.051,-0.645,0.000,25.000
-0.178,0.153,8.571,18.571
-1.243,0.362,0.000,25.000
-0.224,1.095,8.571,18.571
-0.246,0.252,8.571,18.571
-0.571,-0.226,0.000,25.000
-0.096,0.146,8.571,18.571
-2.875,-1.853,0.000,25.000
-0.404,0.731,0.000,25.000
-0.824,0.037,0.000,25.000
-1.822,-0.343,0.000,25.000
-0.315,0.321,0.000,25.000
-0.011,-0.467,8.571,18.571
0.005,1.870,8.571,18.571
-2.482,-1.639,0.000,25.000
-1.645,-0.449,0.000,25.000
-4.275,-2.567,0.000,25.000
-0.576,-0.181,0.000,25.000
0.460,1.588,8.571,18.571
0.167,0.268,8.571,18.571
-0.045,0.271,8.571,18.571
-2.879,-1.322,0.000,25.000
-1.460,0.476,0.000,25.000
-0.801,-0.346,0.000,25.000
-2.615,-1.275,0.000,25.000
0.044,0.924,8.571,18.571
0.268,0.393,8.571,18.571
-2.482,-0.275,0.000,25.000
0.149,1.505,8.571,18.571
-0.229,0.463,8.571,18.571
-0.165,0.289,8.571,18.571
-0.783,-0.309,0.000,25.000
-1.241,-0.272,0.000,25.000
-0.486,-0.060,0.000,25.000
-0.692,0.786,0.000,25.000
-1.166,-0.784,0.000,25.000
-1.332,0.143,0.000,25.000
0.412,1.756,8.571,18.571
-0.552,0.809,0.000,25.000
0.295,0.153,8.571,18.571
0.529,1.559,8.571,18.571
-0.960,-0.532,0.000,25.000
-1.080,-1.131,0.000,25.000
-0.554,-0.320,0.000,25.000
-0.397,0.633,0.000,25.000
-0.062,0.695,8.571,18.571
-1.772,-1.137,0.000,25.000
-1.436,-1.150,0.000,25.000
-1.958,-0.047,0.000,25.000
1.597,2.093,16.000,0.000
-1.483,-0.612,0.000,25.000
-1.161,-0.543,0.000,25.000
-1.033,-0.131,0.000,25.000
-2.188,-1.027,0.000,25.000
-1.190,-0.451,0.000,25.000
-0.401,0.326,0.000,25.000
-1.241,-0.507,0.000,25.000
-1.931,0.381,0.000,25.000
-1.723,-0.930,0.000,25.000
-2.011,-1.269,0.000,25.000
1.252,1.615,16.000,0.000
0.886,1.664,16.000,0.000
-1.548,0.513,0.000,25.000
-1.241,-0.379,0.000,25.000
-1.088,-1.486,0.000,25.000
-1.467,0.020,0.000,25.000
0.041,1.764,8.571,18.571
-1.190,-0.452,0.000,25.000
-2.318,0.118,0.000,25.000
-1.251,-0.094,0.000,25.000
-0.295,0.167,0.000,25.000
-1.517,-1.058,0.000,25.000
-0.917,-0.219,0.000,25.000
-1.560,-0.349,0.000,25.000
-1.823,-1.146,0.000,25.000
-0.434,-0.053,0.000,25.000
-0.698,0.541,0.000,25.000
-1.427,-1.010,0.000,25.000
-2.254,-0.396,0.000,25.000
-1.986,0.201,0.000,25.000
0.128,0.340,8.571,18.571
0.214,2.161,8.571,18.571
-1.603,-0.638,0.000,25.000
-0.910,-0.622,0.000,25.000
-3.361,-2.279,0.000,25.000
-1.333,0.126,0.000,25.000
-1.527,-0.386,0.000,25.000
-0.399,0.899,0.000,25.000
-3.211,-1.360,0.000,25.000
-2.350,-1.673,0.000,25.000
-0.021,0.899,8.571,18.571
-1.399,0.293,0.000,25.000
0.122,2.089,8.571,18.571
-0.715,0.015,0.000,25.000
0.483,0.437,8.571,18.571
-1.804,-0.758,0.000,25.000
0.633,0.814,16.000,0.000
-1.209,0.846,0.000,25.000
-0.278,-0.229,0.000,25.000
-0.681,0.147,0.000,25.000
1.576,2.541,16.000,0.000
-1.001,0.439,0.000,25.000
-3.110,-1.398,0.000,25.000
-0.395,-0.095,0.000,25.000
-3.460,-2.423,0.000,25.000
-1.006,-0.021,0.000,25.000
-1.142,-0.234,0.000,25.000
-0.283,0.371,0.000,25.000
-0.797,-0.141,0.000,25.000
-0.357,0.710,0.000,25.000
-1.234,0.717,0.000,25.000
1.170,2.860,16.000,0.000
-1.526,-1.838,0.000,25.000
-0.557,0.208,0.000,25.000
0.581,1.089,8.571,18.571
-0.501,1.608,0.000,25.000
-2.290,-0.486,0.000,25.000
-1.328,-1.042,0.000,25.000
-0.657,0.652,0.000,25.000
-0.066,1.385,8.571,18.571
-0.653,0.109,0.000,25.000
-1.815,-0.534,0.000,25.000
-1.024,0.709,0.000,25.000
-0.169,1.220,8.571,18.571
-1.465,-0.661,0.000,25.000
-0.914,-0.705,0.000,25.000
-1.818,-0.935,0.000,25.000
-0.836,0.828,0.000,25.000
0.114,0.223,8.571,18.571
0.285,1.668,8.571,18.571
-0.340,1.770,0.000,25.000
0.439,2.512,8.571,18.571
-1.170,-0.231,0.000,25.000
-0.609,0.643,0.000,25.000
-1.313,0.385,0.000,25.000
-1.156,-0.061,0.000,25.000
-0.637,0.327,0.000,25.000
-0.751,-0.833,0.000,25.000
0.044,1.514,8.571,18.571
-1.104,-0.220,0.000,25.000
-1.127,0.092,0.000,25.000
-0.242,0.266,8.571,18.571
-0.876,-0.495,0.000,25.000
-0.849,-0.926,0.000,25.000
-2.126,-0.827,0.000,25.000
-1.554,0.068,0.000,25.000
-2.901,-1.259,0.000,25.000
1.151,1.342,16.000,0.000
-0.415,0.601,0.000,25.000
-1.262,-0.721,0.000,25.000
-0.938,-0.416,0.000,25.000
0.025,0.135,8.571,18.571
0.303,0.448,8.571,18.571
-0.407,1.259,0.000,25.000
-0.932,1.733,0.000,25.000
-1.526,-0.410,0.000,25.000
-0.407,1.036,0.000,25.000
-0.492,0.585,0.000,25.000
-3.398,-2.459,0.000,25.000
-1.868,-1.313,0.000,25.000
-1.527,0.593,0.000,25.000
-0.978,1.168,0.000,25.000
-1.494,-0.849,0.000,25.000
-1.908,-0.292,0.000,25.000
-1.093,-1.086,0.000,25.000
-0.232,0.612,8.571,18.571
-1.126,0.267,0.000,25.000
-0.746,-0.591,0.000,25.000
-1.554,-0.168,0.000,25.000
-1.873,-0.189,0.000,25.000
-1.936,-0.646,0.000,25.000
-0.408,-0.459,0.000,25.000
-1.473,-0.342,0.000,25.000
-0.854,-0.661,0.000,25.000
-0.307,1.359,0.000,25.000
-1.178,0.253,0.000,25.000
-1.036,-0.017,0.000,25.000
-1.727,-1.053,0.000,25.000
-0.945,-0.237,0.000,25.000
-0.490,0.314,0.000,25.000
-1.059,-0.362,0.000,25.000
-1.908,-1.474,0.000,25.000
-0.684,0.038,0.000,25.000
-2.435,-1.311,0.000,25.000
-1.509,-1.449,0.000,25.000
-1.535,0.028,0.000,25.000
-1.415,0.259,0.000,25.000
-0.955,0.936,0.000,25.000
-3.066,-2.296,0.000,25.000
-1.037,0.882,0.000,25.000
-2.333,-1.664,0.000,25.000
-0.512,0.310,0.000,25.000
0.566,0.985,8.571,18.571
0.195,0.710,8.571,18.571
-1.041,0.107,0.000,25.000
-2.155,-1.787,0.000,25.000
-1.866,-1.001,0.000,25.000
-1.166,0.260,0.000,25.000
-0.056,1.186,8.571,18.571
-1.314,-0.002,0.000,25.000
-2.051,0.502,0.000,25.000
-0.227,0.437,8.571,18.571
-0.233,0.416,8.571,18.571
-0.771,0.981,0.000,25.000
-2.167,-1.528,0.000,25.000
-0.359,0.939,0.000,25.000
-0.676,0.724,0.000,25.000
-0.713,-0.672,0.000,25.000
-3.036,-0.900,0.000,25.000
-0.296,0.459,0.000,25.000
-1.377,-0.165,0.000,25.000
-2.260,0.011,0.000,25.000
-0.580,-0.085,0.000,25.000
0.540,1.077,8.571,18.571
-1.536,0.599,0.000,25.000
-0.580,0.562,0.000,25.000
-1.360,0.391,0.000,25.000
-3.229,-2.565,0.000,25.000
-0.866,0.795,0.000,25.000
-2.231,-0.063,0.000,25.000
-1.440,-0.668,0.000,25.000
-1.911,-0.210,0.000,25.000
-1.939,-0.618,0.000,25.000
-2.382,-0.642,0.000,25.000
-2.516,-1.106,0.000,25.000
-0.888,0.205,0.000,25.000
-1.886,-1.403,0.000,25.000
-1.225,-0.474,0.000,25.000
-1.432,0.377,0.000,25.000
-1.196,-0.167,0.000,25.000
0.054,1.526,8.571,18.571
-2.296,0.072,0.000,25.000
-0.777,0.361,0.000,25.000
-1.735,0.262,0.000,25.000
-0.998,0.179,0.000,25.000
-1.636,-0.518,0.000,25.000
-0.638,0.485,0.000,25.000
-1.694,-1.343,0.000,25.000
-0.905,-0.348,0.000,25.000
-1.652,-1.615,0.000,25.000
-0.589,0.650,0.000,25.000
-2.464,-1.506,0.000,25.000
-1.068,1.122,0.000,25.000
1.069,0.678,16.000,0.000
-1.259,-0.576,0.000,25.000
-0.255,1.193,0.000,25.000
-1.053,-0.410,0.000,25.000
-0.061,1.490,8.571,18.571
-1.585,-0.648,0.000,25.000
-2.413,-2.090,0.000,25.000
0.666,1.228,16.000,0.000
-1.034,0.120,0.000,25.000
-0.882,0.340,0.000,25.000
-0.269,1.644,0.000,25.000
-1.275,0.431,0.000,25.000
-1.470,-0.181,0.000,25.000
-1.682,-0.399,0.000,25.000
-2.030,-0.189,0.000,25.000
-1.411,0.038,0.000,25.000
-1.370,0.541,0.000,25.000
-0.928,1.211,0.000,25.000
-0.509,-0.414,0.000,25.000
-0.906,-0.337,0.000,25.000
-1.591,-1.004,0.000,25.000
0.021,-0.174,8.571,18.571
0.196,-0.337,8.571,18.571
0.262,1.743,8.571,18.571
-1.880,-0.611,0.000,25.000
-0.068,0.902,8.571,18.571
-0.630,-0.363,0.000,25.000
-2.704,-1.149,0.000,25.000
-0.799,0.218,0.000,25.000
-0.552,-0.843,0.000,25.000
-0.550,0.019,0.000,25.000
0.039,0.861,8.571,18.571
-2.908,-1.503,0.000,25.000
-0.639,0.723,0.000,25.000
-2.620,-1.035,0.000,25.000
-0.852,-0.261,0.000,25.000
-1.787,-0.538,0.000,25.000
-2.050,-0.648,0.000,25.000
-1.826,-1.165,0.000,25.000
-2.312,-1.187,0.000,25.000
-2.751,-2.187,0.000,25.000
-2.709,-1.584,0.000,25.000
-0.229,0.465,8.571,18.571
-0.830,0.438,0.000,25.000
-1.315,-0.677,0.000,25.000
-1.654,0.701,0.000,25.000
-2.777,-1.501,0.000,25.000
-1.074,0.002,0.000,25.000
-1.259,-0.905,0.000,25.000
-0.228,-0.283,8.571,18.571
-1.583,-0.174,0.000,25.000
-1.039,0.956,0.000,25.000
0.626,0.700,16.000,0.000
-1.544,0.118,0.000,25.000
-2.452,-1.743,0.000,25.000
-2.011,-1.036,0.000,25.000
-1.116,0.443,0.000,25.000
-1.120,-1.117,0.000,25.000
-2.837,-0.964,0.000,25.000
-0.532,0.719,0.000,25.000
-1.551,-0.386,0.000,25.000
-0.266,0.310,0.000,25.000
-1.347,0.395,0.000,25.000
-1.399,-0.633,0.000,25.000
-0.831,-1.633,0.000,25.000
-1.540,-1.640,0.000,25.000
-0.302,-0.010,0.000,25.000
-0.139,1.595,8.571,18.571
-0.666,0.553,0.000,25.000
-1.106,0.195,0.000,25.000
-0.667,-0.479,0.000,25.000
-1.789,-1.101,0.000,25.000
0.612,1.341,16.000,0.000
-2.693,-1.155,0.000,25.000
-0.559,0.220,0.000,25.000
-1.352,0.962,0.000,25.000
-1.498,-0.226,0.000,25.000
-2.053,-0.902,0.000,25.000
-0.692,0.184,0.000,25.000
-0.920,0.056,0.000,25.000
-1.707,-0.674,0.000,25.000
-1.670,-0.721,0.000,25.000
-0.443,-0.706,0.000,25.000
-1.979,-0.760,0.000,25.000
-1.031,-1.863,0.000,25.000
-2.937,-2.025,0.000,25.000
-1.722,-1.380,0.000,25.000
-1.248,-0.914,0.000,25.000
-1.014,1.197,0.000,25.000
-0.888,0.250,0.000,25.000
-1.982,-0.669,0.000,25.000
-1.258,-0.027,0.000,25.000
-3.262,-2.298,0.000,25.000
-1.523,0.141,0.000,25.000
-2.424,-0.673,0.000,25.000
-1.245,-0.967,0.000,25.000
-2.187,-1.912,0.000,25.000
-1.049,-0.526,0.000,25.000
-1.043,0.165,0.000,25.000
-1.438,-0.171,0.000,25.000
-2.674,-1.387,0.000,25.000
-1.073,0.536,0.000,25.000
-1.740,-1.517,0.000,25.000
-1.788,-0.345,0.000,25.000
-1.153,0.717,0.000,25.000
-0.897,0.182,0.000,25.000
-0.841,0.169,0.000,25.000
0.495,0.585,8.571,18.571
-2.245,-1.781,0.000,25.000
0.621,0.260,16.000,0.000
0.025,0.188,8.571,18.571
-2.877,-1.238,0.000,25.000
-1.059,1.365,0.000,25.000
-1.829,-1.034,0.000,25.000
0.647,3.096,16.000,0.000
0.839,0.798,16.000,0.000
-2.742,-0.199,0.000,25.000
-2.492,-1.135,0.000,25.000
-1.834,-0.294,0.000,25.000
-1.809,-0.631,0.000,25.000
-1.079,-0.119,0.000,25.000
-0.196,0.627,8.571,18.571
0.637,1.575,16.000,0.000
0.287,0.589,8.571,18.571
-1.611,0.270,0.000,25.000
-1.375,-1.368,0.000,25.000
-0.359,1.236,0.000,25.000
0.003,0.861,8.571,18.571
-1.216,-0.828,0.000,25.000
-0.678,-0.522,0.000,25.000
-0.531,0.672,0.000,25.000
0.372,1.651,8.571,18.571
-1.156,0.193,0.000,25.000
-1.644,0.219,0.000,25.000
-0.983,-0.255,0.000,25.000
-1.288,0.056,0.000,25.000
-1.059,-0.034,0.000,25.000
-0.124,0.456,8.571,18.571
-0.223,1.884,8.571,18.571
0.399,0.961,8.571,18.571
-0.601,0.965,0.000,25.000
-1.115,0.674,0.000,25.000
-0.449,0.727,0.000,25.000
-0.886,1.471,0.000,25.000
0.029,1.225,8.571,18.571
-1.732,-0.470,0.000,25.000
-0.783,0.135,0.000,25.000
-0.995,-0.088,0.000,25.000
-2.613,-0.215,0.000,25.000
-0.038,0.096,8.571,18.571
-1.732,0.900,0.000,25.000
-0.756,1.281,0.000,25.000
-2.417,-1.767,0.000,25.000
-2.055,-0.025,0.000,25.000
-0.576,0.295,0.000,25.000
-0.127,0.231,8.571,18.571
0.003,0.229,8.571,18.571
-0.789,-0.276,0.000,25.000
-0.730,-0.714,0.000,25.000
-1.577,-0.050,0.000,25.000
0.773,2.010,16.000,0.000
-1.782,-1.547,0.000,25.000
-2.719,-1.454,0.000,25.000
-0.314,0.651,0.000,25.000
-1.554,-0.506,0.000,25.000
-1.220,-0.802,0.000,25.000
-0.714,-0.608,0.000,25.000
-0.609,-0.180,0.000,25.000
-0.693,1.089,0.000,25.000
-2.228,-0.843,0.000,25.000
0.136,0.936,8.571,18.571
-2.196,-1.106,0.000,25.000
-3.325,-2.076,0.000,25.000
-1.084,-0.280,0.000,25.000
-1.078,-0.175,0.000,25.000
-1.974,-0.369,0.000,25.000
0.167,0.325,8.571,18.571
0.581,1.903,8.571,18.571
0.728,0.366,16.000,0.000
-2.157,0.420,0.000,25.000
-1.259,0.271,0.000,25.000
-1.046,-0.109,0.000,25.000
-1.780,-0.964,0.000,25.000
-1.355,-0.152,0.000,25.000
-0.680,0.948,0.000,25.000
-0.595,-0.073,0.000,25.000
-1.225,-0.793,0.000,25.000
-1.024,-0.030,0.000,25.000
-2.180,-0.880,0.000,25.000
-1.235,0.282,0.000,25.000
-2.495,-1.142,0.000,25.000
-0.595,-0.425,0.000,25.000
0.107,0.914,8.571,18.571
-0.363,0.519,0.000,25.000
-1.221,0.114,0.000,25.000
-1.087,0.221,0.000,25.000
-0.436,-0.686,0.000,25.000
-0.063,0.846,8.571,18.571
-0.042,1.337,8.571,18.571
-2.838,-1.067,0.000,25.000
-1.269,0.674,0.000,25.000
-1.034,-0.248,0.000,25.000
-0.322,0.486,0.000,25.000
-0.686,0.422,0.000,25.000
-1.153,-0.151,0.000,25.000
-1.791,-0.038,0.000,25.000
-1.431,-1.370,0.000,25.000
1.127,2.718,16.000,0.000
0.368,1.226,8.571,18.571
0.680,0.540,16.000,0.000
-1.754,-0.274,0.000,25.000
0.366,-0.272,8.571,18.571
-0.606,0.642,0.000,25.000
0.345,1.461,8.571,18.571
-1.169,0.198,0.000,25.000
-0.806,-0.421,0.000,25.000
-2.085,-1.185,0.000,25.000
-0.679,-0.269,0.000,25.000
-0.300,0.141,0.000,25.000
-1.377,0.705,0.000,25.000
0.812,0.791,16.000,0.000
-2.329,-1.462,0.000,25.000
-0.694,0.964,0.000,25.000
-1.003,1.152,0.000,25.000
-1.489,-0.797,0.000,25.000
-2.855,-2.238,0.000,25.000
-1.799,-0.609,0.000,25.000
-2.729,-0.741,0.000,25.000
-0.792,-0.269,0.000,25.000
-1.222,-0.651,0.000,25.000
-2.953,-1.867,0.000,25.000
-0.712,0.405,0.000,25.000
0.585,0.971,8.571,18.571
-1.931,-1.347,0.000,25.000
-0.177,1.163,8.571,18.571
-2.352,-0.898,0.000,25.000
-1.706,-1.184,0.000,25.000
-0.126,1.824,8.571,18.571
-0.615,0.227,0.000,25.000
-2.436,-1.084,0.000,25.000
-2.117,0.252,0.000,25.000
-0.683,0.904,0.000,25.000
-1.139,0.031,0.000,25.000
-2.611,-1.289,0.000,25.000
-1.850,-0.172,0.000,25.000
-0.388,0.081,0.000,25.000
0.613,0.369,16.000,0.000
-2.602,-2.300,0.000,25.000
-0.703,0.122,0.000,25.000
-1.550,-0.034,0.000,25.000
-1.632,-1.001,0.000,25.000
-0.931,0.248,0.000,25.000
-1.272,0.744,0.000,25.000
-1.698,-0.233,0.000,25.000
-2.000,-0.258,0.000,25.000
-0.762,-0.582,0.000,25.000
-1.173,-0.585,0.000,25.000
-0.684,0.687,0.000,25.000
-2.181,-1.168,0.000,25.000
-1.831,0.245,0.000,25.000
-2.051,0.594,0.000,25.000
-0.980,-1.093,0.000,25.000
-1.835,-0.594,0.000,25.000
-2.436,-1.011,0.000,25.000
-0.481,-0.256,0.000,25.000
-0.533,-0.071,0.000,25.000
-0.635,0.737,0.000,25.000
-2.709,-1.459,0.000,25.000
-0.006,1.275,8.571,18.571
-1.942,-1.328,0.000,25.000
-0.878,0.132,0.000,25.000
-0.460,0.950,0.000,25.000
-1.018,0.247,0.000,25.000
-0.020,0.704,8.571,18.571
-1.567,-0.803,0.000,25.000
-2.512,-1.765,0.000,25.000
-1.508,0.082,0.000,25.000
0.902,0.789,16.000,0.000
0.048,1.847,8.571,18.571
-1.285,1.333,0.000,25.000
-0.523,0.594,0.000,25.000
-3.097,-0.829,0.000,25.000
-3.338,-1.574,0.000,25.000
-2.159,-0.784,0.000,25.000
-1.564,-0.913,0.000,25.000
-0.223,0.775,8.571,18.571
-0.695,0.018,0.000,25.000
-1.963,-0.359,0.000,25.000
-1.551,0.383,0.000,25.000
0.144,1.022,8.571,18.571
0.270,0.090,8.571,18.571
-0.883,0.040,0.000,25.000
-2.635,-1.236,0.000,25.000
-0.615,1.558,0.000,25.000
-2.342,-0.974,0.000,25.000
-0.482,-0.089,0.000,25.000
-0.991,0.697,0.000,25.000
-3.276,-1.300,0.000,25.000
-0.182,0.110,8.571,18.571
-0.574,-0.693,0.000,25.000
-1.260,-0.353,0.000,25.000
-0.054,-0.062,8.571,18.571
-1.319,-0.656,0.000,25.000
1.018,0.202,16.000,0.000
-1.534,0.587,0.000,25.000
-2.431,-1.721,0.000,25.000
-0.577,0.720,0.000,25.000
-0.148,1.043,8.571,18.571
-2.115,-0.339,0.000,25.000
-0.841,0.031,0.000,25.000
0.094,0.571,8.571,18.571
-0.901,0.331,0.000,25.000
-1.613,-1.121,0.000,25.000
-2.330,-1.502,0.000,25.000
-0.743,-0.216,0.000,25.000
1.020,2.579,16.000,0.000
-1.610,-0.788,0.000,25.000
-1.227,0.100,0.000,25.000
0.650,1.315,16.000,0.000
-1.357,-1.150,0.000,25.000
-0.850,-0.707,0.000,25.000
-1.431,-0.454,0.000,25.000
0.164,1.901,8.571,18.571
-0.047,0.441,8.571,18.571
-1.554,0.173,0.000,25.000
-0.056,0.983,8.571,18.571
-1.626,-0.188,0.000,25.000
-1.051,-0.283,0.000,25.000
-0.242,0.812,8.571,18.571
0.941,0.093,16.000,0.000
-1.700,-0.128,0.000,25.000
1.561,1.922,16.000,0.000
-2.238,0.063,0.000,25.000
-0.790,-0.250,0.000,25.000
-1.261,0.608,0.000,25.000
-0.134,0.360,8.571,18.571
-0.241,0.157,8.571,18.571
-1.630,0.397,0.000,25.000
-1.227,-0.386,0.000,25.000
-0.229,-0.217,8.571,18.571
-1.813,-0.862,0.000,25.000
-1.839,1.181,0.000,25.000
-1.046,-0.521,0.000,25.000
-0.959,0.768,0.000,25.000
-0.653,-0.562,0.000,25.000
-1.661,-1.083,0.000,25.000
-3.119,-1.436,0.000,25.000
-0.981,0.829,0.000,25.000
-1.334,0.205,0.000,25.000
-1.192,-0.727,0.000,25.000
-0.715,0.936,0.000,25.000
-0.555,0.190,0.000,25.000
-0.228,1.040,8.571,18.571
-2.619,-2.294,0.000,25.000
-1.470,0.424,0.000,25.000
-1.067,0.219,0.000,25.000
-0.128,1.143,8.571,18.571
-1.134,0.489,0.000,25.000
-2.945,-0.308,0.000,25.000
-1.653,-0.447,0.000,25.000
-1.073,-0.296,0.000,25.000
-1.228,-0.415,0.000,25.000
-1.576,0.257,0.000,25.000
-0.406,1.315,0.000,25.000
-2.212,-1.287,0.000,25.000
1.205,1.821,16.000,0.000
-2.223,-1.238,0.000,25.000
0.108,0.788,8.571,18.571
-1.970,-0.625,0.000,25.000
-0.657,0.111,0.000,25.000
-0.337,0.080,0.000,25.000
-2.431,-1.634,0.000,25.000
-2.636,-0.674,0.000,25.000
-1.811,-1.084,0.000,25.000
-1.375,-0.391,0.000,25.000
-0.245,0.960,8.571,18.571
-0.257,1.494,0.000,25.000
-0.623,0.504,0.000,25.000
-1.187,-0.351,0.000,25.000
-1.406,-0.707,0.000,25.000
-1.401,-1.252,0.000,25.000
-1.733,0.493,0.000,25.000
0.163,0.735,8.571,18.571
-1.544,-0.431,0.000,25.000
-1.487,-0.178,0.000,25.000
-1.953,-0.251,0.000,25.000
-1.312,-0.465,0.000,25.000
-2.239,-0.037,0.000,25.000
-0.566,-0.182,0.000,25.000
-2.012,-1.088,0.000,25.000
0.793,2.329,16.000,0.000
-0.464,0.479,0.000,25.000
-1.375,-0.255,0.000,25.000
-1.535,-0.811,0.000,25.000
-1.405,-0.569,0.000,25.000
-1.895,-0.506,0.000,25.000
-0.456,1.231,0.000,25.000
-0.747,0.764,0.000,25.000
-1.930,0.233,0.000,25.000
-0.678,0.102,0.000,25.000
-0.886,-0.077,0.000,25.000
-1.248,-1.270,0.000,25.000
0.337,0.662,8.571,18.571
-2.442,-0.361,0.000,25.000
-0.848,0.046,0.000,25.000
-1.434,0.301,0.000,25.000
-0.196,0.955,8.571,18.571
-2.084,-0.767,0.000,25.000
-1.496,0.137,0.000,25.000
1.350,2.779,16.000,0.000
0.199,0.042,8.571,18.571
-1.919,-0.051,0.000,25.000
-1.171,0.432,0.000,25.000
-2.945,-1.114,0.000,25.000
-2.790,-1.321,0.000,25.000
-0.565,-0.578,0.000,25.000
-0.500,-0.033,0.000,25.000
-3.004,-2.115,0.000,25.000
-1.291,0.058,0.000,25.000
-1.577,0.495,0.000,25.000
-0.471,0.652,0.000,25.000
0.122,0.287,8.571,18.571
-0.408,0.569,0.000,25.000
-0.374,0.188,0.000,25.000
0.360,1.308,8.571,18.571
0.187,1.668,8.571,18.571
-0.617,-0.539,0.000,25.000
-0.469,0.055,0.000,25.000
-1.727,0.121,0.000,25.000
0.743,1.815,16.000,0.000
-1.060,0.364,0.000,25.000
-0.964,-0.440,0.000,25.000
-0.446,0.051,0.000,25.000
-2.028,-1.014,0.000,25.000
-2.784,-1.823,0.000,25.000
0.151,0.193,8.571,18.571
1.212,1.210,16.000,0.000
-1.414,-0.093,0.000,25.000
0.217,1.783,8.571,18.571
-0.588,0.505,0.000,25.000
-2.813,-1.246,0.000,25.000
-0.463,-0.027,0.000,25.000
1.269,1.814,16.000,0.000
-0.488,-0.112,0.000,25.000
-0.900,0.149,0.000,25.000
-0.581,0.008,0.000,25.000
-1.300,-0.020,0.000,25.000
-0.412,1.481,0.000,25.000
-0.912,0.099,0.000,25.000
-1.746,-0.598,0.000,25.000
-1.995,-0.813,0.000,25.000
-0.533,0.695,0.000,25.000
0.051,1.119,8.571,18.571
-0.903,-0.034,0.000,25.000
-0.283,-0.473,0.000,25.000
-0.509,0.550,0.000,25.000
-0.827,-0.477,0.000,25.000
-1.927,-1.475,0.000,25.000
-2.055,-0.785,0.000,25.000
-0.948,1.174,0.000,25.000
-0.158,1.423,8.571,18.571
-1.737,-1.161,0.000,25.000
-2.242,-1.400,0.000,25.000
-1.356,-0.192,0.000,25.000
-1.129,0.384,0.000,25.000
-1.200,-1.306,0.000,25.000
-1.712,-1.763,0.000,25.000
-2.336,-0.623,0.000,25.000
0.165,0.905,8.571,18.571
0.117,0.981,8.571,18.571
-0.954,0.539,0.000,25.000
-2.684,-0.802,0.000,25.000
-0.401,0.467,0.000,25.000
0.852,1.342,16.000,0.000
-2.426,-0.404,0.000,25.000
0.358,0.984,8.571,18.571
-1.064,0.114,0.000,25.000
-0.366,0.902,0.000,25.000
-0.546,0.445,0.000,25.000
-1.520,-0.516,0.000,25.000
-0.551,0.379,0.000,25.000
-0.799,-0.033,0.000,25.000
-1.260,0.751,0.000,25.000
-1.439,-0.626,0.000,25.000
-1.556,-0.767,0.000,25.000
-2.230,-0.996,0.000,25.000
-1.040,0.243,0.000,25.000
0.847,1.134,16.000,0.000
0.087,1.178,8.571,18.571
-3.349,-0.938,0.000,25.000
-1.764,-0.447,0.000,25.000
0.880,1.537,16.000,0.000
-0.056,0.551,8.571,18.571
-0.691,0.010,0.000,25.000
0.641,2.114,16.000,0.000
-0.058,1.093,8.571,18.571
-2.677,-2.258,0.000,25.000
1.491,2.310,16.000,0.000
-2.664,-0.425,0.000,25.000
0.009,1.324,8.571,18.571
-0.525,0.408,0.000,25.000
-3.033,-2.984,0.000,25.000
-1.389,-0.093,0.000,25.000
-2.061,-0.999,0.000,25.000
-1.168,-0.416,0.000,25.000
-1.147,-0.364,0.000,25.000
-1.473,-0.707,0.000,25.000
-1.348,-0.367,0.000,25.000
-2.052,-1.085,0.000,25.000
0.283,2.081,8.571,18.571
0.066,0.653,8.571,18.571
-0.870,1.000,0.000,25.000
0.034,3.018,8.571,18.571
-2.072,-0.931,0.000,25.000
-1.038,0.142,0.000,25.000
-1.698,-0.290,0.000,25.000
-1.555,-0.499,0.000,25.000
-0.765,0.139,0.000,25.000
-1.174,0.543,0.000,25.000
-0.633,-1.493,0.000,25.000
-1.684,-0.561,0.000,25.000
-0.859,-0.105,0.000,25.000
-2.366,-0.767,0.000,25.000
-0.396,0.862,0.000,25.000
0.358,0.486,8.571,18.571
-0.678,0.867,0.000,25.000
-2.066,-0.742,0.000,25.000
-1.851,-0.525,0.000,25.000
-0.528,0.745,0.000,25.000
-1.998,-0.521,0.000,25.000
-2.352,-0.904,0.000,25.000
-1.672,0.005,0.000,25.000
-0.696,-0.254,0.000,25.000
-0.610,-0.081,0.000,25.000
2.567,2.322,16.000,0.000
2.611,2.150,16.000,0.000
3.828,1.337,8.571,18.571
1.682,2.685,16.000,0.000
1.755,3.971,16.000,0.000
3.187,1.223,8.571,18.571
2.345,1.927,16.000,0.000
1.160,3.690,16.000,0.000
1.468,1.980,16.000,0.000
0.934,3.106,16.000,0.000
2.052,3.163,16.000,0.000
0.239,3.748,8.571,18.571
4.855,0.287,8.571,18.571
0.820,5.140,16.000,0.000
1.616,3.003,16.000,0.000
0.879,3.367,16.000,0.000
1.757,3.635,16.000,0.000
2.091,5.046,16.000,0.000
1.441,3.165,16.000,0.000
1.338,2.291,16.000,0.000
2.482,2.201,16.000,0.000
2.542,2.576,16.000,0.000
3.192,2.676,8.571,18.571
1.996,2.997,16.000,0.000
2.362,2.758,16.000,0.000
0.903,3.425,16.000,0.000
2.489,2.276,16.000,0.000
2.924,1.442,8.571,18.571
2.778,2.900,8.571,18.571
1.833,3.317,16.000,0.000
1.162,3.731,16.000,0.000
1.600,3.320,16.000,0.000
1.530,3.019,16.000,0.000
4.196,0.700,8.571,18.571
1.047,4.670,16.000,0.000
1.589,4.369,16.000,0.000
1.995,3.158,16.000,0.000
2.447,2.308,16.000,0.000
1.899,4.034,16.000,0.000
1.954,2.697,16.000,0.000
2.232,3.233,16.000,0.000
2.442,0.780,16.000,0.000
2.035,2.020,16.000,0.000
2.411,2.474,16.000,0.000
2.980,3.145,8.571,18.571
1.815,3.418,16.000,0.000
0.985,3.133,16.000,0.000
1.013,3.929,16.000,0.000
0.967,3.203,16.000,0.000
3.749,1.884,8.571,18.571
1.304,2.998,16.000,0.000
3.238,2.634,8.571,18.571
3.733,2.540,8.571,18.571
3.078,2.417,8.571,18.571
2.537,2.931,16.000,0.000
2.439,2.435,16.000,0.000
1.574,2.650,16.000,0.000
1.118,3.484,16.000,0.000
1.826,2.404,16.000,0.000
4.288,0.564,8.571,18.571
0.080,5.528,8.571,18.571
1.916,2.880,16.000,0.000
2.191,3.233,16.000,0.000
3.520,2.343,8.571,18.571
1.619,3.938,16.000,0.000
1.603,3.412,16.000,0.000
1.609,3.850,16.000,0.000
2.104,2.451,16.000,0.000
2.506,3.694,16.000,0.000
2.574,1.289,16.000,0.000
1.868,3.172,16.000,0.000
1.935,3.254,16.000,0.000
2.783,3.371,8.571,18.571
3.155,1.203,8.571,18.571
1.459,2.268,16.000,0.000
2.806,3.481,8.571,18.571
2.070,3.109,16.000,0.000
2.923,1.599,8.571,18.571
2.223,2.531,16.000,0.000
1.034,4.398,16.000,0.000
3.120,2.071,8.571,18.571
1.982,3.901,16.000,0.000
0.150,4.064,8.571,18.571
2.261,1.765,16.000,0.000
2.396,2.965,16.000,0.000
1.060,3.881,16.000,0.000
2.354,2.764,16.000,0.000
3.579,3.039,8.571,18.571
3.554,1.589,8.571,18.571
0.137,4.868,8.571,18.571
2.037,2.686,16.000,0.000
2.698,3.365,8.571,18.571
4.633,1.555,8.571,18.571
3.210,1.584,8.571,18.571
2.624,2.832,16.000,0.000
3.652,1.706,8.571,18.571
-0.394,4.338,0.000,25.000
1.569,2.919,16.000,0.000
1.615,3.400,16.000,0.000
2.780,2.598,8.571,18.571
0.263,4.590,8.571,18.571
0.836,3.163,16.000,0.000
3.065,2.301,8.571,18.571
0.769,4.506,16.000,0.000
2.288,2.711,16.000,0.000
3.387,2.081,8.571,18.571
1.011,3.638,16.000,0.000
2.536,2.670,16.000,0.000
2.377,2.572,16.000,0.000
-0.032,4.840,8.571,18.571
2.080,2.419,16.000,0.000
1.244,3.616,16.000,0.000
3.110,2.913,8.571,18.571
0.459,4.076,8.571,18.571
4.111,1.669,8.571,18.571
2.937,2.675,8.571,18.571
4.162,1.529,8.571,18.571
3.400,2.166,8.571,18.571
1.617,2.644,16.000,0.000
2.641,2.891,16.000,0.000
2.129,3.324,16.000,0.000
-0.428,4.216,0.000,25.000
0.549,4.531,8.571,18.571
2.313,1.656,16.000,0.000
2.531,3.183,16.000,0.000
2.703,3.468,8.571,18.571
3.333,1.657,8.571,18.571
3.295,1.986,8.571,18.571
1.019,3.655,16.000,0.000
4.478,0.676,8.571,18.571
1.754,3.559,16.000,0.000
0.446,3.725,8.571,18.571
1.835,4.089,16.000,0.000
3.764,1.484,8.571,18.571
2.433,2.504,16.000,0.000
1.491,3.132,16.000,0.000
2.636,2.390,16.000,0.000
2.582,1.577,16.000,0.000
0.929,3.181,16.000,0.000
1.565,3.793,16.000,0.000
3.329,1.146,8.571,18.571
0.519,3.721,8.571,18.571
2.607,2.751,16.000,0.000
1.180,3.625,16.000,0.000
3.102,3.000,8.571,18.571
0.776,4.982,16.000,0.000
1.608,2.766,16.000,0.000
2.968,2.437,8.571,18.571
2.157,3.929,16.000,0.000
0.818,3.018,16.000,0.000
0.644,3.583,16.000,0.000
2.451,2.743,16.000,0.000
1.365,6.044,16.000,0.000
1.370,3.488,16.000,0.000
1.851,3.837,16.000,0.000
2.991,3.400,8.571,18.571
1.981,3.405,16.000,0.000
1.549,3.777,16.000,0.000
0.987,3.534,16.000,0.000
2.089,2.059,16.000,0.000
1.896,3.707,16.000,0.000
2.226,4.071,16.000,0.000
2.264,3.254,16.000,0.000
2.857,1.844,8.571,18.571
1.688,3.970,16.000,0.000
2.243,2.701,16.000,0.000
3.261,1.462,8.571,18.571
1.402,4.044,16.000,0.000
1.558,3.481,16.000,0.000
1.738,2.751,16.000,0.000
1.519,3.807,16.000,0.000
1.343,3.250,16.000,0.000
4.410,1.440,8.571,18.571
2.107,2.224,16.000,0.000
1.209,3.488,16.000,0.000
1.262,4.216,16.000,0.000
0.841,3.101,16.000,0.000
0.984,4.219,16.000,0.000
2.396,2.715,16.000,0.000
3.796,1.521,8.571,18.571
2.425,1.527,16.000,0.000
3.834,2.027,8.571,18.571
3.174,3.014,8.571,18.571
1.833,1.845,16.000,0.000
3.508,2.449,8.571,18.571
1.931,2.644,16.000,0.000
2.047,3.342,16.000,0.000
1.531,4.591,16.000,0.000
1.818,2.155,16.000,0.000
2.482,2.720,16.000,0.000
2.518,1.741,16.000,0.000
1.664,3.298,16.000,0.000
1.676,2.736,16.000,0.000
1.854,2.430,16.000,0.000
1.580,4.222,16.000,0.000
3.342,0.938,8.571,18.571
3.128,1.369,8.571,18.571
1.515,2.362,16.000,0.000
2.461,1.761,16.000,0.000
1.836,3.218,16.000,0.000
2.734,2.403,8.571,18.571
2.399,2.391,16.000,0.000
0.976,5.062,16.000,0.000
3.520,2.123,8.571,18.571
0.807,3.303,16.000,0.000
1.841,4.351,16.000,0.000
2.680,1.610,8.571,18.571
1.167,4.043,16.000,0.000
1.623,3.640,16.000,0.000
1.126,2.846,16.000,0.000
1.487,4.419,16.000,0.000
2.195,2.772,16.000,0.000
3.611,1.788,8.571,18.571
1.449,3.503,16.000,0.000
0.834,3.907,16.000,0.000
1.085,3.126,16.000,0.000
1.954,2.911,16.000,0.000
1.649,3.065,16.000,0.000
2.441,3.199,16.000,0.000
1.780,1.975,16.000,0.000
0.922,5.148,16.000,0.000
3.459,2.076,8.571,18.571
2.566,2.638,16.000,0.000
1.638,3.180,16.000,0.000
2.455,2.010,16.000,0.000
2.523,1.833,16.000,0.000
1.785,2.661,16.000,0.000
1.947,4.205,16.000,0.000
2.628,2.558,16.000,0.000
1.722,3.643,16.000,0.000
2.218,3.358,16.000,0.000
1.076,2.965,16.000,0.000
1.542,4.145,16.000,0.000
2.718,2.311,8.571,18.571
1.289,3.549,16.000,0.000
1.926,4.905,16.000,0.000
2.190,1.740,16.000,0.000
1.999,3.560,16.000,0.000
2.776,3.350,8.571,18.571
3.502,2.034,8.571,18.571
3.224,3.107,8.571,18.571
-0.134,4.540,8.571,18.571
2.840,2.826,8.571,18.571
2.339,2.625,16.000,0.000
1.233,2.280,16.000,0.000
1.746,2.720,16.000,0.000
3.014,3.104,8.571,18.571
3.473,2.157,8.571,18.571
2.149,2.634,16.000,0.000
1.403,3.860,16.000,0.000
1.849,3.901,16.000,0.000
2.068,2.457,16.000,0.000
2.681,1.680,8.571,18.571
-0.237,6.201,8.571,18.571
2.733,1.242,8.571,18.571
1.768,3.656,16.000,0.000
1.395,3.407,16.000,0.000
2.243,3.011,16.000,0.000
1.061,2.220,16.000,0.000
1.882,2.458,16.000,0.000
2.995,4.318,8.571,18.571
1.540,3.217,16.000,0.000
1.337,4.037,16.000,0.000
1.848,3.622,16.000,0.000
-0.334,4.458,0.000,25.000
1.205,3.078,16.000,0.000
1.132,3.156,16.000,0.000
2.271,2.501,16.000,0.000
1.456,4.255,16.000,0.000
3.170,1.873,8.571,18.571
2.167,1.858,16.000,0.000
2.081,2.680,16.000,0.000
-0.070,5.405,8.571,18.571
3.051,1.511,8.571,18.571
1.867,4.751,16.000,0.000
2.734,0.810,8.571,18.571
0.426,4.876,8.571,18.571
3.008,2.407,8.571,18.571
4.431,0.571,8.571,18.571
2.056,3.660,16.000,0.000
2.968,2.098,8.571,18.571
2.952,2.246,8.571,18.571
2.667,2.016,8.571,18.571
3.170,2.334,8.571,18.571
1.118,3.701,16.000,0.000
1.404,2.474,16.000,0.000
2.257,2.704,16.000,0.000
-0.847,4.986,0.000,25.000
1.036,4.736,16.000,0.000
2.422,3.940,16.000,0.000
1.808,3.494,16.000,0.000
2.523,3.425,16.000,0.000
0.747,3.769,16.000,0.000
3.138,1.705,8.571,18.571
2.713,2.238,8.571,18.571
0.682,3.964,16.000,0.000
2.062,2.983,16.000,0.000
0.348,2.912,8.571,18.571
2.641,2.522,16.000,0.000
0.703,3.916,16.000,0.000
3.970,1.510,8.571,18.571
2.125,1.953,16.000,0.000
2.504,2.353,16.000,0.000
1.703,1.588,16.000,0.000
1.667,4.321,16.000,0.000
0.959,3.160,16.000,0.000
2.183,2.812,16.000,0.000
1.707,3.811,16.000,0.000
2.709,2.355,8.571,18.571
2.142,3.985,16.000,0.000
1.656,3.955,16.000,0.000
2.469,3.624,16.000,0.000
1.289,3.044,16.000,0.000
0.976,4.564,16.000,0.000
2.223,2.406,16.000,0.000
1.906,3.453,16.000,0.000
1.939,3.302,16.000,0.000
0.848,4.982,16.000,0.000
2.189,3.540,16.000,0.000
3.106,2.202,8.571,18.571
0.247,4.584,8.571,18.571
2.529,1.966,16.000,0.000
2.701,1.691,8.571,18.571
1.797,2.114,16.000,0.000
2.335,3.364,16.000,0.000
3.425,2.752,8.571,18.571
1.928,3.870,16.000,0.000
2.937,2.724,8.571,18.571
3.352,2.338,8.571,18.571
2.056,3.373,16.000,0.000
2.737,1.569,8.571,18.571
1.082,3.183,16.000,0.000
1.043,2.898,16.000,0.000
0.741,3.305,16.000,0.000
1.733,3.752,16.000,0.000
2.868,2.583,8.571,18.571
1.551,3.031,16.000,0.000
2.170,1.310,16.000,0.000
1.072,2.716,16.000,0.000
1.810,2.986,16.000,0.000
1.257,3.509,16.000,0.000
2.587,2.980,16.000,0.000
1.814,3.431,16.000,0.000
0.973,2.838,16.000,0.000
1.539,3.935,16.000,0.000
2.843,1.968,8.571,18.571
1.984,2.912,16.000,0.000
2.247,3.862,16.000,0.000
0.494,3.489,8.571,18.571
1.941,4.088,16.000,0.000
2.066,3.779,16.000,0.000
0.541,5.252,8.571,18.571
2.175,3.635,16.000,0.000
1.876,3.143,16.000,0.000
2.929,3.282,8.571,18.571
3.348,2.839,8.571,18.571
0.997,2.919,16.000,0.000
0.848,2.526,16.000,0.000
1.766,3.920,16.000,0.000
2.594,2.502,16.000,0.000
0.002,4.606,8.571,18.571
3.550,2.598,8.571,18.571
0.192,4.811,8.571,18.571
1.587,4.452,16.000,0.000
2.497,2.128,16.000,0.000
1.518,4.787,16.000,0.000
1.140,3.178,16.000,0.000
-0.038,4.626,8.571,18.571
2.442,2.824,16.000,0.000
0.898,4.764,16.000,0.000
1.797,3.562,16.000,0.000
2.176,3.256,16.000,0.000
4.217,0.553,8.571,18.571
1.332,2.777,16.000,0.000
1.565,3.277,16.000,0.000
0.991,5.228,16.000,0.000
2.371,2.512,16.000,0.000
1.893,2.757,16.000,0.000
1.527,2.886,16.000,0.000
3.284,2.199,8.571,18.571
1.108,3.269,16.000,0.000
0.930,3.581,16.000,0.000
2.084,3.551,16.000,0.000
2.207,3.145,16.000,0.000
2.400,2.448,16.000,0.000
1.901,2.521,16.000,0.000
1.563,2.237,16.000,0.000
2.342,2.437,16.000,0.000
2.143,2.670,16.000,0.000
2.243,3.129,16.000,0.000
0.942,3.555,16.000,0.000
2.706,1.487,8.571,18.571
2.313,2.415,16.000,0.000
2.208,1.788,16.000,0.000
2.491,2.650,16.000,0.000
1.236,3.333,16.000,0.000
2.022,2.260,16.000,0.000
1.700,2.642,16.000,0.000
0.780,2.837,16.000,0.000
2.448,2.785,16.000,0.000
2.874,4.212,8.571,18.571
1.289,2.934,16.000,0.000
1.400,2.224,16.000,0.000
1.752,2.603,16.000,0.000
0.943,3.631,16.000,0.000
1.862,2.646,16.000,0.000
0.272,4.479,8.571,18.571
0.626,5.005,16.000,0.000
1.698,3.587,16.000,0.000
0.890,2.616,16.000,0.000
2.584,3.070,16.000,0.000
1.501,2.411,16.000,0.000
2.708,3.612,8.571,18.571
0.826,4.126,16.000,0.000
0.981,3.735,16.000,0.000
3.213,1.071,8.571,18.571
0.453,4.335,8.571,18.571
2.108,2.659,16.000,0.000
0.874,5.385,16.000,0.000
-0.107,4.984,8.571,18.571
1.140,2.685,16.000,0.000
0.186,3.909,8.571,18.571
1.375,2.775,16.000,0.000
2.219,2.133,16.000,0.000
2.352,2.231,16.000,0.000
2.828,2.817,8.571,18.571
3.104,2.067,8.571,18.571
0.678,3.924,16.000,0.000
2.573,2.249,16.000,0.000
0.988,4.163,16.000,0.000
2.677,2.698,8.571,18.571
3.280,2.248,8.571,18.571
1.504,3.258,16.000,0.000
2.430,1.883,16.000,0.000
1.983,3.969,16.000,0.000
2.765,2.590,8.571,18.571
3.698,0.849,8.571,18.571
1.676,2.619,16.000,0.000
2.605,1.878,16.000,0.000
1.658,3.197,16.000,0.000
3.242,0.115,8.571,18.571
2.737,2.618,8.571,18.571
4.340,0.273,8.571,18.571
3.023,3.053,8.571,18.571
2.503,2.793,16.000,0.000
1.045,2.305,16.000,0.000
1.375,3.792,16.000,0.000
3.052,4.989,8.571,18.571
4.589,1.747,8.571,18.571
2.376,2.846,16.000,0.000
1.878,2.794,16.000,0.000
2.653,2.602,16.000,0.000
3.689,1.892,8.571,18.571
1.946,2.179,16.000,0.000
2.902,3.072,8.571,18.571
2.632,2.645,16.000,0.000
2.967,2.620,8.571,18.571
2.084,4.348,16.000,0.000
2.421,3.097,16.000,0.000
2.411,3.592,16.000,0.000
2.951,2.626,8.571,18.571
2.155,2.796,16.000,0.000
2.013,3.182,16.000,0.000
2.190,2.976,16.000,0.000
0.927,4.837,16.000,0.000
1.022,3.625,16.000,0.000
3.190,2.550,8.571,18.571
1.763,4.378,16.000,0.000
2.468,2.354,16.000,0.000
3.360,1.336,8.571,18.571
0.901,3.738,16.000,0.000
1.336,3.517,16.000,0.000
1.257,2.854,16.000,0.000
0.763,1.920,16.000,0.000
1.541,2.196,16.000,0.000
1.189,4.413,16.000,0.000
2.159,4.019,16.000,0.000
3.552,2.802,8.571,18.571
1.049,3.768,16.000,0.000
0.525,3.619,8.571,18.571
2.524,2.004,16.000,0.000
2.078,2.103,16.000,0.000
0.772,4.027,16.000,0.000
1.454,3.104,16.000,0.000
3.783,1.426,8.571,18.571
3.736,1.210,8.571,18.571
4.031,2.508,8.571,18.571
1.201,3.881,16.000,0.000
0.507,3.837,8.571,18.571
1.576,3.578,16.000,0.000
2.249,3.736,16.000,0.000
1.436,3.787,16.000,0.000
3.154,1.102,8.571,18.571
2.149,2.923,16.000,0.000
3.976,2.892,8.571,18.571
0.835,4.631,16.000,0.000
1.851,2.984,16.000,0.000
2.908,2.152,8.571,18.571
1.281,2.757,16.000,0.000
1.632,3.248,16.000,0.000
3.426,0.908,8.571,18.571
3.112,3.350,8.571,18.571
0.970,2.996,16.000,0.000
0.953,2.849,16.000,0.000
0.819,3.816,16.000,0.000
2.600,3.427,16.000,0.000
2.646,1.272,16.000,0.000
2.940,2.864,8.571,18.571
2.304,0.502,16.000,0.000
2.630,2.798,16.000,0.000
0.714,3.927,16.000,0.000
2.826,3.068,8.571,18.571
3.573,1.126,8.571,18.571
1.998,3.350,16.000,0.000
2.483,2.543,16.000,0.000
4.039,0.451,8.571,18.571
1.201,3.038,16.000,0.000
2.119,3.227,16.000,0.000
2.382,2.750,16.000,0.000
2.808,2.032,8.571,18.571
1.498,3.623,16.000,0.000
2.628,2.546,16.000,0.000
0.547,2.865,8.571,18.571
0.801,3.938,16.000,0.000
2.071,3.856,16.000,0.000
2.990,1.461,8.571,18.571
1.962,2.430,16.000,0.000
0.069,4.268,8.571,18.571
2.591,2.567,16.000,0.000
2.955,1.738,8.571,18.571
1.578,3.164,16.000,0.000
1.881,2.709,16.000,0.000
3.521,1.728,8.571,18.571
0.389,4.625,8.571,18.571
2.061,3.476,16.000,0.000
3.830,2.489,8.571,18.571
2.445,3.819,16.000,0.000
3.380,3.028,8.571,18.571
1.500,3.929,16.000,0.000
1.688,3.120,16.000,0.000
0.948,4.161,16.000,0.000
3.381,0.754,8.571,18.571
2.291,2.949,16.000,0.000
2.524,3.420,16.000,0.000
3.854,1.257,8.571,18.571
3.970,1.618,8.571,18.571
2.250,3.075,16.000,0.000
3.292,2.699,8.571,18.571
1.266,4.186,16.000,0.000
2.344,3.105,16.000,0.000
2.983,2.680,8.571,18.571
0.894,4.935,16.000,0.000
2.813,2.467,8.571,18.571
3.414,2.029,8.571,18.571
0.860,2.691,16.000,0.000
2.961,1.819,8.571,18.571
1.809,2.254,16.000,0.000
1.739,3.456,16.000,0.000
1.886,2.528,16.000,0.000
1.674,4.608,16.000,0.000
2.209,2.317,16.000,0.000
1.408,3.314,16.000,0.000
2.415,3.158,16.000,0.000
4.271,1.750,8.571,18.571
1.774,2.908,16.000,0.000
2.068,2.903,16.000,0.000
4.175,1.983,8.571,18.571
2.133,3.210,16.000,0.000
0.727,3.482,16.000,0.000
1.460,3.333,16.000,0.000
0.395,2.957,8.571,18.571
1.858,2.675,16.000,0.000
1.784,3.581,16.000,0.000
2.377,2.072,16.000,0.000
1.755,2.551,16.000,0.000
1.081,3.633,16.000,0.000
4.535,0.175,8.571,18.571
2.326,1.411,16.000,0.000
3.183,1.902,8.571,18.571
0.896,4.346,16.000,0.000
2.736,2.617,8.571,18.571
2.154,2.308,16.000,0.000
2.386,1.257,16.000,0.000
2.421,2.702,16.000,0.000
1.928,2.750,16.000,0.000
3.108,2.364,8.571,18.571
3.515,2.086,8.571,18.571
2.633,1.785,16.000,0.000
3.158,1.453,8.571,18.571
1.301,4.099,16.000,0.000
1.300,4.104,16.000,0.000
2.889,1.854,8.571,18.571
3.235,2.796,8.571,18.571
3.450,2.243,8.571,18.571
1.885,4.532,16.000,0.000
2.654,2.898,16.000,0.000
-0.343,4.864,0.000,25.000
2.687,0.857,8.571,18.571
0.614,2.928,16.000,0.000
2.513,2.826,16.000,0.000
1.994,3.335,16.000,0.000
2.290,3.700,16.000,0.000
2.616,1.860,16.000,0.000
3.034,2.609,8.571,18.571
1.345,4.005,16.000,0.000
0.453,3.635,8.571,18.571
1.053,5.127,16.000,0.000
2.012,4.368,16.000,0.000
3.324,1.270,8.571,18.571
2.957,2.602,8.571,18.571
3.262,2.325,8.571,18.571
1.006,4.533,16.000,0.000
1.356,2.879,16.000,0.000
3.265,2.703,8.571,18.571
1.266,3.703,16.000,0.000
1.601,1.830,16.000,0.000
3.728,2.753,8.571,18.571
3.254,1.893,8.571,18.571
0.585,3.443,8.571,18.571
2.193,3.534,16.000,0.000
3.099,4.122,8.571,18.571
3.948,1.872,8.571,18.571
2.458,3.140,16.000,0.000
1.309,3.123,16.000,0.000
1.069,2.492,16.000,0.000
1.559,3.672,16.000,0.000
1.821,3.999,16.000,0.000
1.718,3.396,16.000,0.000
2.536,1.912,16.000,0.000
1.462,4.650,16.000,0.000
2.237,2.798,16.000,0.000
3.288,2.620,8.571,18.571
2.138,4.365,16.000,0.000
2.663,2.044,8.571,18.571
2.037,3.464,16.000,0.000
1.861,2.463,16.000,0.000
1.467,4.092,16.000,0.000
3.370,2.680,8.571,18.571
0.973,4.131,16.000,0.000
2.141,3.288,16.000,0.000
2.806,2.217,8.571,18.571
4.324,1.355,8.571,18.571
4.022,2.143,8.571,18.571
2.222,2.614,16.000,0.000
2.467,2.310,16.000,0.000
-0.271,3.344,0.000,25.000
0.954,4.308,16.000,0.000
2.696,1.471,8.571,18.571
0.088,4.179,8.571,18.571
3.504,2.377,8.571,18.571
1.325,2.949,16.000,0.000
1.403,2.802,16.000,0.000
1.396,4.426,16.000,0.000
1.650,3.631,16.000,0.000
0.376,4.624,8.571,18.571
3.264,2.084,8.571,18.571
-0.316,4.530,0.000,25.000
2.495,2.828,16.000,0.000
1.669,2.570,16.000,0.000
1.864,4.933,16.000,0.000
1.469,2.831,16.000,0.000
3.528,1.672,8.571,18.571
1.166,4.202,16.000,0.000
1.774,2.770,16.000,0.000
3.330,2.316,8.571,18.571
0.559,3.244,8.571,18.571
0.757,4.688,16.000,0.000
0.190,3.771,8.571,18.571
3.202,1.683,8.571,18.571
2.232,4.159,16.000,0.000
1.255,3.557,16.000,0.000
3.423,2.530,8.571,18.571
3.520,2.741,8.571,18.571
2.878,3.354,8.571,18.571
1.321,3.573,16.000,0.000
2.347,2.389,16.000,0.000
1.635,3.425,16.000,0.000
2.483,2.388,16.000,0.000
1.103,2.248,16.000,0.000
1.198,3.043,16.000,0.000
2.410,1.283,16.000,0.000
3.129,0.821,8.571,18.571
3.410,3.103,8.571,18.571
2.554,2.584,16.000,0.000
1.682,3.420,16.000,0.000
1.608,2.466,16.000,0.000
1.362,5.038,16.000,0.000
3.155,1.052,8.571,18.571
1.884,2.368,16.000,0.000
1.251,3.184,16.000,0.000
0.465,5.457,8.571,18.571
2.202,3.594,16.000,0.000
0.762,3.801,16.000,0.000
2.783,2.278,8.571,18.571
1.259,3.848,16.000,0.000
3.143,1.235,8.571,18.571
2.039,2.902,16.000,0.000
-0.355,4.282,0.000,25.000
2.111,4.043,16.000,0.000
-0.251,4.938,8.571,18.571
1.768,3.674,16.000,0.000
1.781,3.142,16.000,0.000
0.617,2.421,16.000,0.000
1.420,3.678,16.000,0.000
2.998,3.588,8.571,18.571
2.466,2.222,16.000,0.000
-0.158,4.514,8.571,18.571
2.450,2.436,16.000,0.000
1.305,3.856,16.000,0.000
2.986,1.602,8.571,18.571
2.530,2.410,16.000,0.000
1.769,3.555,16.000,0.000
4.049,1.775,8.571,18.571
2.303,3.769,16.000,0.000
2.017,3.836,16.000,0.000
2.091,3.952,16.000,0.000
1.481,3.444,16.000,0.000
0.249,5.439,8.571,18.571
0.977,3.035,16.000,0.000
3.301,1.926,8.571,18.571
1.628,2.896,16.000,0.000
2.485,3.745,16.000,0.000
0.917,3.199,16.000,0.000
1.791,2.585,16.000,0.000
2.197,2.482,16.000,0.000
1.954,2.074,16.000,0.000
1.901,2.665,16.000,0.000
5.496,1.094,8.571,18.571
0.850,3.858,16.000,0.000
1.529,2.564,16.000,0.000
1.171,5.298,16.000,0.000
2.252,3.541,16.000,0.000
1.321,2.644,16.000,0.000
2.431,2.671,16.000,0.000
2.334,2.496,16.000,0.000
2.053,2.884,16.000,0.000
1.541,2.637,16.000,0.000
2.164,1.841,16.000,0.000
0.283,3.086,8.571,18.571
1.473,4.600,16.000,0.000
1.270,1.713,16.000,0.000
2.308,2.642,16.000,0.000
2.732,1.869,8.571,18.571
0.847,4.668,16.000,0.000
2.234,1.529,16.000,0.000
2.219,2.616,16.000,0.000
1.335,3.250,16.000,0.000
2.278,4.221,16.000,0.000
1.230,3.733,16.000,0.000
2.031,2.693,16.000,0.000
0.669,3.846,16.000,0.000
1.978,3.062,16.000,0.000
1.931,2.006,16.000,0.000
1.679,3.274,16.000,0.000
1.332,3.255,16.000,0.000
0.535,3.786,8.571,18.571
-0.255,3.902,0.000,25.000
1.783,3.585,16.000,0.000
2.898,2.431,8.571,18.571
-0.038,3.321,8.571,18.571
0.571,2.498,8.571,18.571
3.521,2.741,8.571,18.571
2.082,2.009,16.000,0.000
2.983,3.618,8.571,18.571
3.282,0.904,8.571,18.571
1.339,5.100,16.000,0.000
1.615,2.425,16.000,0.000
0.685,5.550,16.000,0.000
1.059,3.311,16.000,0.000
1.983,2.893,16.000,0.000
2.257,3.867,16.000,0.000
0.772,3.394,16.000,0.000
0.852,4.390,16.000,0.000
1.935,4.201,16.000,0.000
3.011,1.961,8.571,18.571
1.883,1.903,16.000,0.000
2.653,4.292,16.000,0.000
3.684,1.291,8.571,18.571
1.457,3.638,16.000,0.000
1.601,2.393,16.000,0.000
1.492,2.922,16.000,0.000
4.482,1.444,8.571,18.571
1.136,3.904,16.000,0.000
2.205,3.627,16.000,0.000
2.143,3.557,16.000,0.000
2.782,3.234,8.571,18.571
1.779,3.371,16.000,0.000
3.282,1.940,8.571,18.571
2.520,1.986,16.000,0.000
2.339,1.835,16.000,0.000
0.557,5.475,8.571,18.571
-0.244,4.297,8.571,18.571
1.433,2.565,16.000,0.000
2.286,2.003,16.000,0.000
0.704,3.989,16.000,0.000
1.249,4.219,16.000,0.000
-0.697,4.551,0.000,25.000
1.283,4.605,16.000,0.000
3.287,2.493,8.571,18.571
1.602,3.222,16.000,0.000
2.481,1.962,16.000,0.000
0.110,4.890,8.571,18.571
0.973,3.415,16.000,0.000
3.138,2.700,8.571,18.571
3.083,1.595,8.571,18.571
2.012,3.075,16.000,0.000
2.318,2.988,16.000,0.000
1.646,3.923,16.000,0.000
2.799,1.981,8.571,18.571
1.245,4.448,16.000,0.000
3.402,1.870,8.571,18.571
3.842,1.194,8.571,18.571
-0.117,4.383,8.571,18.571
3.065,2.527,8.571,18.571
3.177,1.333,8.571,18.571
1.204,3.304,16.000,0.000
2.506,3.071,16.000,0.000
1.715,3.492,16.000,0.000
2.456,2.831,16.000,0.000
2.291,3.063,16.000,0.000
2.387,2.471,16.000,0.000
2.899,2.074,8.571,18.571
2.316,1.821,16.000,0.000
1.844,3.321,16.000,0.000
1.111,3.555,16.000,0.000
1.837,3.590,16.000,0.000
1.270,3.090,16.000,0.000
2.003,3.279,16.000,0.000
1.185,2.199,16.000,0.000
2.709,4.005,8.571,18.571
2.050,2.386,16.000,0.000
1.777,3.465,16.000,0.000
0.413,3.612,8.571,18.571
1.554,3.903,16.000,0.000
2.262,3.000,16.000,0.000
1.389,4.287,16.000,0.000
3.371,2.264,8.571,18.571
2.088,2.969,16.000,0.000
1.874,3.009,16.000,0.000
0.869,4.066,16.000,0.000
2.880,1.815,8.571,18.571
2.311,3.641,16.000,0.000
1.115,3.227,16.000,0.000
-0.189,5.394,8.571,18.571
0.765,4.117,16.000,0.000
1.833,3.817,16.000,0.000
1.286,4.533,16.000,0.000
1.074,3.682,16.000,0.000
2.656,2.602,16.000,0.000
1.053,3.774,16.000,0.000
1.581,4.545,16.000,0.000
2.521,1.831,16.000,0.000
2.249,2.990,16.000,0.000
3.007,3.040,8.571,18.571
1.624,3.406,16.000,0.000
2.814,1.167,8.571,18.571
0.915,2.433,16.000,0.000
1.005,3.872,16.000,0.000
-0.096,6.884,8.571,18.571
2.126,2.792,16.000,0.000
1.742,4.578,16.000,0.000
2.818,0.798,8.571,18.571
2.799,2.652,8.571,18.571
1.956,3.872,16.000,0.000
2.209,0.997,16.000,0.000
0.888,3.470,16.000,0.000
3.917,1.195,8.571,18.571
1.221,3.684,16.000,0.000
2.360,2.516,16.000,0.000
1.820,2.136,16.000,0.000
2.861,2.543,8.571,18.571
1.769,3.362,16.000,0.000
2.847,2.012,8.571,18.571
4.076,1.062,8.571,18.571
0.112,3.746,8.571,18.571
2.668,2.587,8.571,18.571
0.671,3.981,16.000,0.000
1.876,1.599,16.000,0.000
2.696,3.886,8.571,18.571
1.736,3.247,16.000,0.000
1.699,3.293,16.000,0.000
3.068,2.569,8.571,18.571
1.799,3.215,16.000,0.000
3.404,2.606,8.571,18.571
1.173,3.399,16.000,0.000
0.884,3.731,16.000,0.000
2.427,1.985,16.000,0.000
3.815,1.550,8.571,18.571
3.212,0.836,8.571,18.571
3.880,1.053,8.571,18.571
2.012,2.735,16.000,0.000
2.507,1.585,16.000,0.000
1.359,3.215,16.000,0.000
1.365,2.949,16.000,0.000
2.338,3.672,16.000,0.000
1.300,3.381,16.000,0.000
1.670,3.144,16.000,0.000
1.867,2.881,16.000,0.000
2.234,2.931,16.000,0.000
2.522,1.691,16.000,0.000
2.660,1.100,8.571,18.571
3.184,1.939,8.571,18.571
3.022,2.376,8.571,18.571
1.206,2.270,16.000,0.000
1.710,3.918,16.000,0.000
3.079,2.246,8.571,18.571
2.827,2.248,8.571,18.571
2.471,1.140,16.000,0.000
2.305,2.599,16.000,0.000
1.908,2.175,16.000,0.000
2.473,2.736,16.000,0.000
2.112,3.029,16.000,0.000
3.072,2.836,8.571,18.571
3.273,2.104,8.571,18.571
1.097,4.276,16.000,0.000
1.982,2.609,16.000,0.000
0.494,3.404,8.571,18.571
2.740,1.952,8.571,18.571
1.006,4.288,16.000,0.000
2.772,1.987,8.571,18.571
2.291,2.159,16.000,0.000
0.566,3.371,8.571,18.571
0.838,4.804,16.000,0.000
0.815,3.826,16.000,0.000
1.583,2.307,16.000,0.000
2.675,2.707,8.571,18.571
0.376,3.766,8.571,18.571
2.278,2.604,16.000,0.000
3.516,1.942,8.571,18.571
2.592,2.257,16.000,0.000
2.111,2.278,16.000,0.000
1.923,2.910,16.000,0.000
2.061,2.375,16.000,0.000
2.346,3.935,16.000,0.000
2.257,3.515,16.000,0.000
3.343,1.779,8.571,18.571
2.440,1.416,16.000,0.000
3.143,2.780,8.571,18.571
1.218,3.970,16.000,0.000
3.337,1.511,8.571,18.571
1.790,3.346,16.000,0.000
3.355,0.955,8.571,18.571
2.267,3.149,16.000,0.000
3.962,0.912,8.571,18.571
2.197,3.461,16.000,0.000
1.587,3.864,16.000,0.000
1.999,1.524,16.000,0.000
2.750,3.026,8.571,18.571
0.990,4.560,16.000,0.000
1.751,3.543,16.000,0.000
2.462,2.437,16.000,0.000
0.096,4.174,8.571,18.571
0.387,4.364,8.571,18.571
0.233,3.677,8.571,18.571
1.174,3.255,16.000,0.000
3.389,1.780,8.571,18.571
0.742,3.603,16.000,0.000
3.346,1.582,8.571,18.571
2.293,3.132,16.000,0.000
1.102,3.852,16.000,0.000
0.376,4.798,8.571,18.571
1.695,2.056,16.000,0.000
2.112,2.628,16.000,0.000
1.294,4.064,16.000,0.000
3.154,1.979,8.571,18.571
1.973,4.211,16.000,0.000
1.476,4.113,16.000,0.000
2.095,3.206,16.000,0.000
0.332,3.636,8.571,18.571
2.023,2.379,16.000,0.000
2.127,3.826,16.000,0.000
1.625,1.524,16.000,0.000
2.734,2.974,8.571,18.571
1.670,3.662,16.000,0.000
1.763,2.246,16.000,0.000
1.202,3.152,16.000,0.000
0.207,5.235,8.571,18.571
2.299,2.228,16.000,0.000
1.993,2.822,16.000,0.000
1.043,4.102,16.000,0.000
3.407,3.058,8.571,18.571
2.252,3.343,16.000,0.000
2.701,2.580,8.571,18.571
0.981,2.555,16.000,0.000
0.642,5.358,16.000,0.000
1.939,2.207,16.000,0.000
1.713,3.354,16.000,0.000
1.746,3.402,16.000,0.000
2.094,4.027,16.000,0.000
1.070,3.117,16.000,0.000
1.379,4.892,16.000,0.000
-1.341,5.471,0.000,25.000
0.970,2.418,16.000,0.000
1.278,3.298,16.000,0.000
-0.073,4.473,8.571,18.571
3.375,1.260,8.571,18.571
4.112,1.470,8.571,18.571
3.915,1.107,8.571,18.571
3.792,0.960,8.571,18.571
0.625,4.655,16.000,0.000
